Kanji;Definition;Pronounciation;Grade
亜;sub-, Asia;ア;S
哀;pathetic;アイ、あわ-れ、あわ-れむ;S
挨;push open;アイ;S
愛;love;アイ;4
曖;not clear;アイ;S
悪;bad;アク、オ、わる-い;3
握;grip;アク、にぎ-る;S
圧;pressure;アツ;5
扱;handle;あつか-う;S
宛;allocate;あ-てる;S
嵐;storm;あらし;S
安;cheap;アン、やす-い;3
案;plan;アン;4
暗;dark;アン、くら-い;3
以;by means of;イ;4
衣;clothes;イ、ころも;4
位;rank;イ、くらい;4
囲;surround;イ、かこ-む、かこ-う;5
医;doctor;イ;3
依;reliant;イ、（エ）;S
委;committee;イ、ゆだ-ねる;3
威;intimidate;イ;S
為;do;イ;S
畏;fear;イ、おそ-れる;S
胃;stomach;イ;6
尉;military officer;イ;S
異;uncommon;イ、こと;6
移;shift;イ、うつ-る、うつ-す;5
萎;wither;イ、な-える;S
偉;admirable;イ、えら-い;S
椅;chair;イ;S
彙;same kind;イ;S
意;idea;イ;3
違;differ;イ、ちが-う、ちが-える;S
維;fiber;イ;S
慰;consolation;イ、なぐさ-める、なぐさ-む;S
遺;bequeath;イ、（ユイ）;6
緯;horizontal;イ;S
域;range;イキ;6
育;nurture;イク、そだ-つ、そだ-てる、はぐく-む;3
一;one;イチ、イツ、ひと、ひと-つ;1
壱;one (falsification prevention);イチ;S
逸;deviate;イツ;S
茨;thorn;（いばら）;4
芋;potato;いも;S
引;pull;イン、ひ-く、ひ-ける;2
印;mark;イン、しるし;4
因;cause;イン、よ-る;5
咽;throat;イン;S
姻;matrimony;イン;S
員;member;イン;3
院;institution;イン;3
淫;lewdness;イン、みだ-ら;S
陰;shade;イン、かげ、かげ-る;S
飲;drink;イン、の-む;3
隠;conceal;イン、かく-す、かく-れる;S
韻;rhyme;イン;S
右;right (direction);ウ、ユウ、みぎ;1
宇;eaves;ウ;6
羽;feather;ウ、は、はね;2
雨;rain;ウ、あめ、（あま）;1
唄;songs with samisen;（うた）;S
鬱;gloom;ウツ;S
畝;furrow;うね;S
浦;bay;うら;S
運;carry;ウン、はこ-ぶ;3
雲;cloud;ウン、くも;2
永;eternity;エイ、なが-い;5
泳;swim;エイ、およ-ぐ;3
英;England;エイ;4
映;reflect;エイ、うつ-る、うつ-す、は-える;6
栄;prosperity;エイ、さか-える、は-え、は-える;4
営;manage;エイ、いとな-む;5
詠;recitation;エイ、よ-む;S
影;shadow;エイ、かげ;S
鋭;pointed;エイ、するど-い;S
衛;defense;エイ;5
易;easy;エキ、イ、やさ-しい;5
疫;epidemic;エキ、（ヤク）;S
益;benefit;エキ、（ヤク）;5
液;fluid;エキ;5
駅;station;エキ;3
悦;ecstasy;エツ;S
越;cross over;エツ、こ-す、こ-える;S
謁;audience;エツ;S
閲;review;エツ;S
円;round, yen;エン、まる-い;1
延;prolong;エン、の-びる、の-べる、の-ばす;6
沿;run alongside;エン、そ-う;6
炎;inflammation;エン、ほのお;S
怨;grudge;エン、オン;S
宴;banquet;エン;S
媛;princess;エン;4
援;aid;エン;S
園;garden;エン、その;2
煙;smoke;エン、けむ-る、けむり、けむ-い;S
猿;monkey;エン、さる;S
遠;far;エン、（オン）、とお-い;2
鉛;lead;エン、なまり;S
塩;salt;エン、しお;4
演;perform;エン;5
縁;affinity;エン、ふち;S
艶;glossy;エン、つや;S
汚;dirty;オ、けが-す、けが-れる、けが-らわしい、よご-す、よご-れる、きたな-い;S
王;king;オウ;1
凹;concave;オウ;S
央;center;オウ;3
応;respond;オウ、こた-える;5
往;outward journey;オウ;5
押;pushed;オウ、お-す、お-さえる;S
旺;flourishing;オウ;S
欧;Europe;オウ;S
殴;assault;オウ、なぐ-る;S
桜;cherry tree;オウ、さくら;5
翁;venerable old man;オウ;S
奥;heart;オウ、おく;S
横;side;オウ、よこ;3
岡;hill;（おか）;4
屋;roof;オク、や;3
億;hundred million;オク;4
憶;recollection;オク;S
臆;timidity;オク;S
虞;uneasiness;おそれ;S
乙;the latter;オツ;S
俺;I, we, myself;おれ;S
卸;wholesale;おろ-す、おろし;S
音;sound;オン、イン、おと、ね;1
恩;grace;オン;6
温;warm;オン、あたた-か、あたた-かい、あたた-まる、あたた-める;3
穏;calm;オン、おだ-やか;S
下;below;カ、ゲ、した、しも、もと、さ-げる、さ-がる、くだ-る、くだ-す、くだ-さる、お-ろす、お-りる;1
化;change;カ、ケ、ば-ける、ば-かす;3
火;fire;カ、ひ、（ほ）;1
加;add;カ、くわ-える、くわ-わる;4
可;possible;カ;5
仮;temporary;カ、（ケ）、かり;5
何;what;カ、なに、（なん）;2
花;flower;カ、はな;1
佳;excellent;カ;S
価;value;カ、あたい;5
果;fruit;カ、は-たす、は-てる、は-て;4
河;river;カ、かわ;5
苛;torment;カ;S
科;section;カ;2
架;rack;カ、か-ける、か-かる;S
夏;summer;カ、（ゲ）、なつ;2
家;house;カ、ケ、いえ、や;2
荷;luggage;カ、に;3
華;splendor;カ、（ケ）、はな;S
菓;confectionery;カ;S
貨;freight;カ;4
渦;whirlpool;カ、うず;S
過;go beyond;カ、す-ぎる、す-ごす、あやま-つ、あやま-ち;5
嫁;marry into;カ、よめ、とつ-ぐ;S
暇;spare time;カ、ひま;S
禍;calamity;カ;S
靴;shoes;カ、くつ;S
寡;widow;カ;S
歌;song;カ、うた、うた-う;2
箇;counters for things;カ;S
稼;earnings;カ、かせ-ぐ;S
課;section;カ;4
蚊;mosquito;か;S
牙;tusk;ガ、（ゲ）、きば;S
瓦;tile;ガ、かわら;S
我;ego, I, we;ガ、われ、わ;6
画;tableau;ガ、カク;2
芽;bud;ガ、め;4
賀;congratulations;ガ;4
雅;gracious;ガ;S
餓;starve;ガ;S
介;jammed in;カイ;S
回;times;カイ、（エ）、まわ-る、まわ-す;2
灰;ashes;カイ、はい;6
会;association;カイ、エ、あ-う;2
快;cheerful;カイ、こころよ-い;5
戒;commandment;カイ、いまし-める;S
改;reformation;カイ、あらた-める、あらた-まる;4
怪;suspicious;カイ、あや-しい、あや-しむ;S
拐;kidnap;カイ;S
悔;repent;カイ、く-いる、く-やむ、くや-しい;S
海;sea;カイ、うみ;2
界;world;カイ;3
皆;all;カイ、みな;S
械;contraption;カイ;4
絵;picture;カイ、エ;2
開;open;カイ、ひら-く、ひら-ける、あ-く、あ-ける;3
階;floor of a building;カイ;3
塊;clod;カイ、かたまり;S
楷;square character style;カイ;S
解;untie;カイ、ゲ、と-く、と-かす、と-ける;5
潰;crush;カイ、つぶ-す、つぶ-れる;S
壊;demolition;カイ、こわ-す、こわ-れる;S
懐;pocket;カイ、ふところ、なつ-かしい、なつ-かしむ、なつ-く、なつ-ける;S
諧;harmony;カイ;S
貝;shellfish;かい;1
外;outside;ガイ、ゲ、そと、ほか、はず-す、はず-れる;2
劾;censure;ガイ;S
害;harm;ガイ;4
崖;cliff;ガイ、がけ;S
涯;horizon;ガイ;S
街;street;ガイ、（カイ）、まち;4
慨;rue;ガイ;S
蓋;cover;ガイ、ふた;S
該;above-stated;ガイ;S
概;outline;ガイ;S
骸;dead remains;ガイ;S
垣;hedge;かき;S
柿;persimmon;かき;S
各;each;カク、おのおの;4
角;angle;カク、かど、つの;2
拡;broaden;カク;6
革;leather;カク、かわ;6
格;status;カク、（コウ）;5
核;nucleus;カク;S
殻;husk;カク、から;S
郭;enclosure;カク;S
覚;memorize;カク、おぼ-える、さ-ます、さ-める;4
較;contrast;カク;S
隔;isolate;カク、へだ-てる、へだ-たる;S
閣;tall;カク;6
確;certain;カク、たし-か、たし-かめる;5
獲;seize;カク、え-る;S
嚇;menacing;カク;S
穫;harvest;カク;S
学;study;ガク、まな-ぶ;1
岳;point;ガク、たけ;S
楽;pleasure;ガク、ラク、たの-しい、たの-しむ;2
額;amount;ガク、ひたい;5
顎;jaw;ガク、あご;S
掛;hang;か-ける、か-かる、かかり;S
潟;lagoon;かた;4
括;fasten;カツ;S
活;active;カツ;2
喝;hoarse;カツ;S
渇;thirst;カツ、かわ-く;S
割;divide;カツ、わ-る、わり、わ-れる、さ-く;6
葛;arrowroot;カツ、くず;S
滑;slippery;カツ、コツ、すべ-る、なめ-らか;S
褐;brown;カツ;S
轄;control;カツ;S
且;moreover;か-つ;S
株;stocks;かぶ;6
釜;kettle;かま;S
鎌;sickle;かま;S
刈;reap;か-る;S
干;dry;カン、ほ-す、ひ-る;6
刊;publish;カン;5
甘;sweet;カン、あま-い、あま-える、あま-やかす;S
汗;sweat;カン、あせ;S
缶;tin can;カン;S
完;perfect;カン;4
肝;liver;カン、きも;S
官;government official;カン;4
冠;crown;カン、かんむり;S
巻;scroll;カン、ま-く、まき;6
看;watch over;カン;6
陥;collapse;カン、おちい-る、おとしい-れる;S
乾;dry;カン、かわ-く、かわ-かす;S
勘;intuition;カン;S
患;afflicted;カン、わずら-う;S
貫;pierce;カン、つらぬ-く;S
寒;cold;カン、さむ-い;3
喚;yell;カン;S
堪;withstand;カン、た-える;S
換;interchange;カン、か-える、か-わる;S
敢;daring;カン;S
棺;coffin;カン;S
款;goodwill;カン;S
間;interval;カン、ケン、あいだ、ま;2
閑;leisure;カン;S
勧;persuade;カン、すす-める;S
寛;tolerant;カン;S
幹;tree-trunk;カン、みき;5
感;feeling;カン;3
漢;China;カン;3
慣;accustomed;カン、な-れる、な-らす;5
管;pipe;カン、くだ;4
関;related;カン、せき、かか-わる;4
歓;delight;カン;S
監;oversee;カン;S
緩;slacken;カン、ゆる-い、ゆる-やか、ゆる-む、ゆる-める;S
憾;remorse;カン;S
還;send back;カン;S
館;public building;カン、やかた;3
環;ring;カン;S
簡;simplicity;カン;6
観;observe;カン;4
韓;Korea;カン;S
艦;warship;カン;S
鑑;specimen;カン、かんが-みる;S
丸;circle;ガン、まる、まる-い、まる-める;2
含;include;ガン、ふく-む、ふく-める;S
岸;beach;ガン、きし;3
岩;boulder;ガン、いわ;2
玩;trifle with;ガン;S
眼;eyeball;ガン、（ゲン）、まなこ;5
頑;stubborn;ガン;S
顔;face;ガン、かお;2
願;request;ガン、ねが-う;4
企;plan;キ、くわだ-てる;S
伎;deed;キ;S
危;dangerous;キ、あぶ-ない、あや-うい、あや-ぶむ;6
机;desk;キ、つくえ;6
気;feeling;キ、ケ;1
岐;branch off;キ;4
希;hope;キ;4
忌;mourning;キ、い-む、い-まわしい;S
汽;steam;キ;2
奇;strange;キ;S
祈;pray;キ、いの-る;S
季;seasons;キ;4
紀;chronicle;キ;5
軌;rut;キ;S
既;previously;キ、すで-に;S
記;write down;キ、しる-す;2
起;wake up;キ、お-きる、お-こる、お-こす;3
飢;hungry;キ、う-える;S
鬼;ghost;キ、おに;S
帰;return;キ、かえ-る、かえ-す;2
基;foundation;キ、もと、もとい;5
寄;approach;キ、よ-る、よ-せる;5
規;rule;キ;5
亀;turtle;キ、かめ;S
喜;rejoice;キ、よろこ-ぶ;5
幾;how many;キ、いく;S
揮;brandish;キ;6
期;period of time;キ、（ゴ）;3
棋;chess piece;キ;S
貴;precious;キ、たっと-い、とうと-い、たっと-ぶ、とうと-ぶ;6
棄;abandon;キ;S
毀;destroy;キ;S
旗;national flag;キ、はた;4
器;container;キ、うつわ;4
畿;capital;キ;S
輝;radiance;キ、かがや-く;S
機;machine;キ、はた;4
騎;equestrian;キ;S
技;skill;ギ、わざ;5
宜;best regards;ギ;S
偽;falsehood;ギ、いつわ-る、にせ;S
欺;deceit;ギ、あざむ-く;S
義;righteousness;ギ;5
疑;doubt;ギ、うたが-う;6
儀;ceremony;ギ;S
戯;frolic;ギ、たわむ-れる;S
擬;mimic;ギ;S
犠;sacrifice;ギ;S
議;deliberation;ギ;4
菊;chrysanthemum;キク;S
吉;good luck;キチ、キツ;S
喫;consume;キツ;S
詰;packed;キツ、つ-める、つ-まる、つ-む;S
却;instead;キャク;S
客;guest;キャク、カク;3
脚;leg;キャク、（キャ）、あし;S
逆;inverted;ギャク、さか、さか-らう;5
虐;tyrannize;ギャク、しいた-げる;S
九;nine;キュウ、ク、ここの、ここの-つ;1
久;long time;キュウ、（ク）、ひさ-しい;5
及;reach out;キュウ、およ-ぶ、およ-び、およ-ぼす;S
弓;bow (archery, violin);キュウ、ゆみ;2
丘;hill;キュウ、おか;S
旧;old times;キュウ;5
休;rest;キュウ、やす-む、やす-まる、やす-める;1
吸;suck;キュウ、す-う;6
朽;decay;キュウ、く-ちる;S
臼;mortar;キュウ、うす;S
求;request;キュウ、もと-める;4
究;research;キュウ、きわ-める;3
泣;cry;キュウ、な-く;4
急;hurry;キュウ、いそ-ぐ;3
級;rank;キュウ;3
糾;twist;キュウ;S
宮;Shinto shrine;キュウ、グウ、（ク）、みや;3
救;salvation;キュウ、すく-う;5
球;sphere;キュウ、たま;3
給;salary;キュウ;4
嗅;smell;キュウ、か-ぐ;S
窮;hard up;キュウ、きわ-める、きわ-まる;S
牛;cow;ギュウ、うし;2
去;leave;キョ、コ、さ-る;3
巨;gigantic;キョ;S
居;reside;キョ、い-る;5
拒;repel;キョ、こば-む;S
拠;foothold;キョ、コ;S
挙;raise;キョ、あ-げる、あ-がる;4
虚;void;キョ、（コ）;S
許;permit;キョ、ゆる-す;5
距;long-distance;キョ;S
魚;fish;ギョ、うお、さかな;2
御;honorable;ギョ、ゴ、おん;S
漁;fishing;ギョ、リョウ;4
凶;villain;キョウ;S
共;together;キョウ、とも;4
叫;shout;キョウ、さけ-ぶ;S
狂;lunatic;キョウ、くる-う、くる-おしい;S
京;capital;キョウ、ケイ;2
享;receive;キョウ;S
供;offer;キョウ、（ク）、そな-える、とも;6
協;cooperation;キョウ;4
況;condition;キョウ;S
峡;gorge;キョウ;S
挟;pinch;キョウ、はさ-む、はさ-まる;S
狭;cramped;キョウ、せま-い、せば-める、せば-まる;S
恐;fear;キョウ、おそ-れる、おそ-ろしい;S
恭;respect;キョウ、うやうや-しい;S
胸;bosom;キョウ、むね、（むな）;6
脅;threaten;キョウ、おびや-かす、おど-す、おど-かす;S
強;strong;キョウ、ゴウ、つよ-い、つよ-まる、つよ-める、し-いる;2
教;teach;キョウ、おし-える、おそ-わる;2
郷;home town;キョウ、ゴウ;6
境;boundary;キョウ、（ケイ）、さかい;5
橋;bridge;キョウ、はし;3
矯;rectify;キョウ、た-める;S
鏡;mirror;キョウ、かがみ;4
競;compete;キョウ、ケイ、きそ-う、せ-る;4
響;echo;キョウ、ひび-く;S
驚;wonder;キョウ、おどろ-く、おどろ-かす;S
仰;face-up;ギョウ、（コウ）、あお-ぐ、おお-せ;S
暁;daybreak;ギョウ、あかつき;S
業;business;ギョウ、ゴウ、わざ;3
凝;congeal;ギョウ、こ-る、こ-らす;S
曲;musical composition;キョク、ま-がる、ま-げる;3
局;office;キョク;3
極;poles;キョク、ゴク、きわ-める、きわ-まる、きわ-み;4
玉;ball;ギョク、たま;1
巾;towel;キン;S
斤;axe;キン;S
均;level;キン;5
近;near;キン、ちか-い;2
金;gold;キン、コン、かね、（かな）;1
菌;germ;キン;S
勤;diligence;キン、（ゴン）、つと-める、つと-まる;6
琴;harp;キン、こと;S
筋;muscle;キン、すじ;6
僅;a wee bit;キン、わず-か;S
禁;prohibition;キン;5
緊;tense;キン;S
錦;brocade;キン、にしき;S
謹;discreet;キン、つつし-む;S
襟;collar;キン、えり;S
吟;versify;ギン;S
銀;silver;ギン;3
区;ward;ク;3
句;phrase;ク;5
苦;suffer;ク、くる-しい、くる-しむ、くる-しめる、にが-い、にが-る;3
駆;drive;ク、か-ける、か-る;S
具;tool;グ;3
惧;dread;グ;S
愚;foolish;グ、おろ-か;S
空;sky;クウ、そら、あ-く、あ-ける、から;1
偶;accidentally;グウ;S
遇;interview;グウ;S
隅;corner;グウ、すみ;S
串;skewer;くし;S
屈;yield;クツ;S
掘;dig;クツ、ほ-る;S
窟;cavern;クツ;S
熊;bear;くま;4
繰;winding;く-る;S
君;you;クン、きみ;3
訓;instruction;クン;4
勲;meritorious deed;クン;S
薫;fragrant;クン、かお-る;S
軍;army;グン;4
郡;county;グン;4
群;flock;グン、む-れる、む-れ、（むら）;4
兄;older brother;ケイ、（キョウ）、あに;2
刑;punish;ケイ;S
形;shape;ケイ、ギョウ、かた、かたち;2
系;lineage;ケイ;6
径;diameter;ケイ;4
茎;stalk;ケイ、くき;S
係;person in charge;ケイ、かか-る、かかり;3
型;model;ケイ、かた;5
契;pledge;ケイ、ちぎ-る;S
計;measure;ケイ、はか-る、はか-らう;2
恵;favor;ケイ、エ、めぐ-む;S
啓;disclose;ケイ;S
掲;put up (a notice);ケイ、かか-げる;S
渓;mountain stream;ケイ;S
経;manage;ケイ、キョウ、へ-る;5
蛍;lightning-bug;ケイ、ほたる;S
敬;respect;ケイ、うやま-う;6
景;scenery;ケイ;4
軽;light;ケイ、かる-い、かろ-やか;3
傾;lean;ケイ、かたむ-く、かたむ-ける;S
携;portable;ケイ、たずさ-える、たずさ-わる;S
継;inherit;ケイ、つ-ぐ;S
詣;visit a temple;ケイ、もう-でる;S
慶;jubilation;ケイ;S
憬;long for;ケイ;S
稽;consider;ケイ;S
憩;recess;ケイ、いこ-い、いこ-う;S
警;guard against;ケイ;6
鶏;chicken;ケイ、にわとり;S
芸;art;ゲイ;4
迎;welcome;ゲイ、むか-える;S
鯨;whale;ゲイ、くじら;S
隙;fissure;ゲキ、すき;S
劇;drama;ゲキ;6
撃;beat;ゲキ、う-つ;S
激;violent;ゲキ、はげ-しい;6
桁;beam;けた;S
欠;lack;ケツ、か-ける、か-く;4
穴;hole;ケツ、あな;6
血;blood;ケツ、ち;3
決;decide;ケツ、き-める、き-まる;3
結;tie;ケツ、むす-ぶ、ゆ-う、ゆ-わえる;4
傑;greatness;ケツ;S
潔;undefiled;ケツ、いさぎよ-い;5
月;month, moon;ゲツ、ガツ、つき;1
犬;dog;ケン、いぬ;1
件;affair;ケン;5
見;see;ケン、み-る、み-える、み-せる;1
券;ticket;ケン;6
肩;shoulder;ケン、かた;S
建;build;ケン、（コン）、た-てる、た-つ;4
研;sharpen;ケン、と-ぐ;3
県;prefecture;ケン;3
倹;frugal;ケン;S
兼;concurrently;ケン、か-ねる;S
剣;sabre;ケン、つるぎ;S
拳;fist;ケン、こぶし;S
軒;flats;ケン、のき;S
健;healthy;ケン、すこ-やか;4
険;precipitous;ケン、けわ-しい;5
圏;sphere;ケン;S
堅;strict;ケン、かた-い;S
検;examine;ケン;5
嫌;dislike;ケン、（ゲン）、きら-う、いや;S
献;offering;ケン、（コン）;S
絹;silk;ケン、きぬ;6
遣;dispatch;ケン、つか-う、つか-わす;S
権;rights;ケン、（ゴン）;6
憲;constitution;ケン;6
賢;intelligent;ケン、かしこ-い;S
謙;self-effacing;ケン;S
鍵;key;ケン、かぎ;S
繭;cocoon;ケン、まゆ;S
顕;appear;ケン;S
験;test;ケン、（ゲン）;4
懸;suspend;ケン、（ケ）、か-ける、か-かる;S
元;origin;ゲン、ガン、もと;2
幻;phantasm;ゲン、まぼろし;S
玄;mysterious;ゲン;S
言;say;ゲン、ゴン、い-う、こと;2
弦;bowstring;ゲン、つる;S
限;limit;ゲン、かぎ-る;5
原;field;ゲン、はら;2
現;appear;ゲン、あらわ-れる、あらわ-す;5
舷;gunwale;ゲン;S
減;decrease;ゲン、へ-る、へ-らす;5
源;origin;ゲン、みなもと;6
厳;strict;ゲン、（ゴン）、おごそ-か、きび-しい;6
己;self;コ、キ、おのれ;6
戸;door;コ、と;2
古;old;コ、ふる-い、ふる-す;2
呼;call;コ、よ-ぶ;6
固;hard;コ、かた-める、かた-まる、かた-い;4
股;crotch;コ、また;S
虎;tiger;コ、とら;S
孤;orphan;コ;S
弧;arc;コ;S
故;circumstances;コ、ゆえ;5
枯;wither;コ、か-れる、か-らす;S
個;individual;コ;5
庫;warehouse;コ、（ク）;3
湖;lake;コ、みずうみ;3
雇;employ;コ、やと-う;S
誇;boast;コ、ほこ-る;S
鼓;drum;コ、つづみ;S
錮;tie up;コ;S
顧;look back;コ、かえり-みる;S
五;five;ゴ、いつ、いつ-つ;1
互;mutually;ゴ、たが-い;S
午;noon;ゴ;2
呉;give;ゴ;S
後;behind;ゴ、コウ、のち、うし-ろ、あと、おく-れる;2
娯;recreation;ゴ;S
悟;enlightenment;ゴ、さと-る;S
碁;Go;ゴ;S
語;language;ゴ、かた-る、かた-らう;2
誤;mistake;ゴ、あやま-る;6
護;safeguard;ゴ;5
口;mouth;コウ、ク、くち;1
工;craft;コウ、ク;2
公;public;コウ、おおやけ;2
勾;capture;コウ;S
孔;cavity;コウ;S
功;achievement;コウ、（ク）;4
巧;adroit;コウ、たく-み;S
広;wide;コウ、ひろ-い、ひろ-まる、ひろ-める、ひろ-がる、ひろ-げる;2
甲;armor;コウ、カン;S
交;mix;コウ、まじ-わる、まじ-える、ま-じる、ま-ざる、ま-ぜる、か-う、か-わす;2
光;ray;コウ、ひか-る、ひかり;2
向;over there;コウ、む-く、む-ける、む-かう、む-こう;3
后;empress;コウ;6
好;like;コウ、この-む、す-く;4
江;inlet;コウ、え;S
考;think;コウ、かんが-える;2
行;go;コウ、ギョウ、（アン）、い-く、ゆ-く、おこな-う;2
坑;pit;コウ;S
孝;filial piety;コウ;6
抗;confront;コウ;S
攻;aggression;コウ、せ-める;S
更;grow late;コウ、さら、ふ-ける、ふ-かす;S
効;effect;コウ、き-く;5
幸;happiness;コウ、さいわ-い、さち、しあわ-せ;3
拘;arrest;コウ;S
肯;agreement;コウ;S
侯;marquis;コウ;S
厚;thick;コウ、あつ-い;5
恒;constancy;コウ;S
洪;deluge;コウ;S
皇;emperor;コウ、オウ;6
紅;deep red;コウ、（ク）、べに、くれない;6
荒;laid waste;コウ、あら-い、あ-れる、あ-らす;S
郊;outskirts;コウ;S
香;incense;コウ、（キョウ）、か、かお-り、かお-る;4
候;climate;コウ、そうろう;4
校;school;コウ;1
耕;till;コウ、たがや-す;5
航;cruise;コウ;5
貢;tribute;コウ、（ク）、みつ-ぐ;S
降;descend;コウ、お-りる、お-ろす、ふ-る;6
高;tall, expensive;コウ、たか-い、たか、たか-まる、たか-める;2
康;health;コウ;4
控;withdraw;コウ、ひか-える;S
梗;close up;コウ;S
黄;yellow;コウ、オウ、き、（こ）;2
喉;throat;コウ、のど;S
慌;disconcerted;コウ、あわ-てる、あわ-ただしい;S
港;harbor;コウ、みなと;3
硬;stiff;コウ、かた-い;S
絞;strangle;コウ、しぼ-る、し-める、し-まる;S
項;paragraph;コウ;S
溝;gutter;コウ、みぞ;S
鉱;mineral;コウ;5
構;construct;コウ、かま-える、かま-う;5
綱;hawser;コウ、つな;S
酵;fermentation;コウ;S
稿;draft;コウ;S
興;entertain;コウ、キョウ、おこ-る、おこ-す;5
衡;equilibrium;コウ;S
鋼;steel;コウ、はがね;6
講;lecture;コウ;5
購;subscription;コウ;S
乞;beg;こ-う;S
号;number;ゴウ;3
合;fit;ゴウ、ガッ、（カッ）、あ-う、あ-わす、あ-わせる;2
拷;torture;ゴウ;S
剛;sturdy;ゴウ;S
傲;be proud;ゴウ;S
豪;overpowering;ゴウ;S
克;overcome;コク;S
告;tell;コク、つ-げる;5
谷;valley;コク、たに;2
刻;engrave;コク、きざ-む;6
国;country;コク、くに;2
黒;black;コク、くろ、くろ-い;2
穀;cereals;コク;6
酷;cruel;コク;S
獄;prison;ゴク;S
骨;bone;コツ、ほね;6
駒;horse;こま;S
込;crowded;こ-む、こ-める;S
頃;times;ころ;S
今;now;コン、キン、いま;2
困;become distressed;コン、こま-る;6
昆;descendants;コン;S
恨;rancor;コン、うら-む、うら-めしい;S
根;root;コン、ね;3
婚;marriage;コン;S
混;mix;コン、ま-じる、ま-ざる、ま-ぜる、こ-む;5
痕;mark;コン、あと;S
紺;dark blue;コン;S
魂;soul;コン、たましい;S
墾;ground-breaking;コン;S
懇;sociable;コン、ねんご-ろ;S
左;left (direction);サ、ひだり;1
佐;help;サ;4
沙;sand;サ;S
査;investigate;サ;5
砂;sand;サ、シャ、すな;6
唆;tempt;サ、そそのか-す;S
差;distinction;サ、さ-す;4
詐;lie;サ;S
鎖;chain;サ、くさり;S
座;sit;ザ、すわ-る;6
挫;sprain;ザ;S
才;genius;サイ;2
再;again;サイ、（サ）、ふたた-び;5
災;disaster;サイ、わざわ-い;5
妻;wife;サイ、つま;5
采;form;サイ;S
砕;smash;サイ、くだ-く、くだ-ける;S
宰;superintend;サイ;S
栽;plantation;サイ;S
彩;coloring;サイ、いろど-る;S
採;pick;サイ、と-る;5
済;settle;サイ、す-む、す-ます;6
祭;festival;サイ、まつ-る、まつ-り;3
斎;purification;サイ;S
細;thin;サイ、ほそ-い、ほそ-る、こま-か、こま-かい;2
菜;vegetable;サイ、な;4
最;most;サイ、もっと-も;4
裁;judge;サイ、た-つ、さば-く;6
債;bond;サイ;S
催;sponsor;サイ、もよお-す;S
塞;obstruct;サイ、ソク、ふさ-ぐ、ふさ-がる;S
歳;year-end;サイ、（セイ）;S
載;ride;サイ、の-せる、の-る;S
際;occasion;サイ、きわ;5
埼;cape (geography);（さい）;4
在;exist;ザイ、あ-る;5
材;lumber;ザイ;4
剤;dose;ザイ;S
財;wealth;ザイ、（サイ）;5
罪;guilt;ザイ、つみ;5
崎;promontory;さき;4
作;make;サク、サ、つく-る;2
削;plane;サク、けず-る;S
昨;previous;サク;4
柵;fence;サク;S
索;cord;サク;S
策;scheme;サク;6
酢;vinegar;サク、す;S
搾;squeeze;サク、しぼ-る;S
錯;confused;サク;S
咲;blossom;さ-く;S
冊;counter for books;サツ、サク;6
札;tag;サツ、ふだ;4
刷;printing;サツ、す-る;4
刹;temple;サツ、セツ;S
拶;be imminent;サツ;S
殺;kill;サツ、（サイ）、（セツ）、ころ-す;5
察;guess;サツ;4
撮;snapshot;サツ、と-る;S
擦;grate;サツ、す-る、す-れる;S
雑;miscellaneous;ザツ、ゾウ;5
皿;dish;さら;3
三;three;サン、み、み-つ、みっ-つ;1
山;mountain;サン、やま;1
参;participate;サン、まい-る;4
桟;scaffold;サン;S
蚕;silkworm;サン、かいこ;6
惨;wretched;サン、ザン、みじ-め;S
産;give birth;サン、う-む、う-まれる、うぶ;4
傘;umbrella;サン、かさ;S
散;scatter;サン、ち-る、ち-らす、ち-らかす、ち-らかる;4
算;calculate;サン;2
酸;acid;サン、す-い;5
賛;approve;サン;5
残;remainder;ザン、のこ-る、のこ-す;4
斬;kill by slicing;ザン、き-る;S
暫;temporarily;ザン;S
士;gentleman;シ;5
子;child;シ、ス、こ;1
支;branch;シ、ささ-える;5
止;stop;シ、と-まる、と-める;2
氏;family name;シ、うじ;4
仕;do;シ、（ジ）、つか-える;3
史;history;シ;5
司;director;シ;4
四;four;シ、よ、よ-つ、よっ-つ、よん;1
市;market;シ、いち;2
矢;arrow;シ、や;2
旨;delicious;シ、むね;S
死;death;シ、し-ぬ;3
糸;thread;シ、いと;1
至;climax;シ、いた-る;6
伺;pay respects;シ、うかが-う;S
志;intention;シ、こころざ-す、こころざし;5
私;me;シ、わたくし、わたし;6
使;use;シ、つか-う;3
刺;thorn;シ、さ-す、さ-さる;S
始;begin;シ、はじ-める、はじ-まる;3
姉;older sister;シ、あね;2
枝;branch;シ、えだ;5
祉;welfare;シ;S
肢;limb;シ;S
姿;figure;シ、すがた;6
思;think;シ、おも-う;2
指;finger;シ、ゆび、さ-す;3
施;carry out;シ、セ、ほどこ-す;S
師;expert;シ;5
恣;selfish;シ;S
紙;paper;シ、かみ;2
脂;fat;シ、あぶら;S
視;look at;シ;6
紫;purple;シ、むらさき;S
詞;poetry;シ;6
歯;tooth;シ、は;3
嗣;heir;シ;S
試;test;シ、こころ-みる、ため-す;4
詩;poem;シ;3
資;resources;シ;5
飼;domesticate;シ、か-う;5
誌;document;シ;6
雌;feminine;シ、め、めす;S
摯;seriousness;シ;S
賜;grant;シ、たまわ-る;S
諮;consult with;シ、はか-る;S
示;indicate;ジ、シ、しめ-す;5
字;letter;ジ、あざ;1
寺;Buddhist temple;ジ、てら;2
次;next;ジ、シ、つ-ぐ、つぎ;3
耳;ear;ジ、みみ;1
自;oneself;ジ、シ、みずか-ら;2
似;becoming;ジ、に-る;5
"&#x5150;";child;ジ、（ニ）;4
事;abstract thing;ジ、（ズ）、こと;3
侍;waiter;ジ、さむらい;S
治;govern;ジ、チ、おさ-める、おさ-まる、なお-る、なお-す;4
持;hold;ジ、も-つ;3
時;time;ジ、とき;2
滋;nourishing;ジ;4
慈;mercy;ジ、いつく-しむ;S
辞;resign;ジ、や-める;4
磁;magnet;ジ;6
餌;bait;ジ、えさ、え;S
璽;emperor's seal;ジ;S
鹿;deer;しか、（か）;4
式;style;シキ;3
識;discriminating;シキ;5
軸;axis;ジク;S
七;seven;シチ、なな、なな-つ、（なの）;1
𠮟;scold;シツ、しか-る;S
失;lose;シツ、うしな-う;4
室;room;シツ、むろ;2
疾;rapidly;シツ;S
執;tenacious;シツ、シュウ、と-る;S
湿;damp;シツ、しめ-る、しめ-す;S
嫉;envy;シツ;S
漆;lacquer;シツ、うるし;S
質;quality;シツ、シチ、（チ）;5
実;truth;ジツ、み、みの-る;3
芝;turf;しば;S
写;copy;シャ、うつ-す、うつ-る;3
社;company;シャ、やしろ;2
車;car;シャ、くるま;1
"&#x820e;";cottage;シャ;5
者;someone;シャ、もの;3
射;shoot;シャ、い-る;6
捨;throw away;シャ、す-てる;6
赦;pardon;シャ;S
斜;diagonal;シャ、なな-め;S
煮;boil;シャ、に-る、に-える、に-やす;S
遮;intercept;シャ、さえぎ-る;S
謝;apologize;シャ、あやま-る;5
邪;wicked;ジャ;S
蛇;snake;ジャ、ダ、へび;S
尺;shaku;シャク;6
借;borrow;シャク、か-りる;4
酌;bartending;シャク、く-む;S
釈;explanation;シャク;S
爵;baron;シャク;S
若;young;ジャク、（ニャク）、わか-い、も-しくは;6
弱;weak;ジャク、よわ-い、よわ-る、よわ-まる、よわ-める;2
寂;loneliness;ジャク、（セキ）、さび、さび-しい、さび-れる;S
手;hand;シュ、て、（た）;1
主;master;シュ、（ス）、ぬし、おも;3
守;protect;シュ、（ス）、まも-る、も-り;3
朱;vermilion;シュ;S
取;take;シュ、と-る;3
狩;hunt;シュ、か-る、か-り;S
首;neck;シュ、くび;2
殊;particularly;シュ、こと;S
珠;pearl;シュ;S
酒;alcoholic drink;シュ、さけ、（さか）;3
腫;tumor;シュ、は-れる、は-らす;S
種;kind;シュ、たね;4
趣;gist;シュ、おもむき;S
寿;longevity;ジュ、ことぶき;S
受;accept;ジュ、う-ける、う-かる;3
呪;curse;ジュ、のろ-う;S
授;instruct;ジュ、さず-ける、さず-かる;5
需;demand;ジュ;S
儒;Confucian;ジュ;S
樹;trees;ジュ;6
収;take in;シュウ、おさ-める、おさ-まる;6
囚;captured;シュウ;S
州;state;シュウ、す;3
舟;boat;シュウ、ふね、（ふな）;S
秀;excel;シュウ、ひい-でる;S
周;circumference;シュウ、まわ-り;4
宗;religion;シュウ、ソウ;6
拾;pick up;シュウ、ジュウ、ひろ-う;3
秋;autumn;シュウ、あき;2
臭;stinking;シュウ、くさ-い、にお-う;S
修;discipline;シュウ、（シュ）、おさ-める、おさ-まる;5
袖;sleeve;シュウ、そで;S
終;end;シュウ、お-わる、お-える;3
羞;feel ashamed;シュウ;S
習;learn;シュウ、なら-う;3
週;week;シュウ;2
就;concerning;シュウ、（ジュ）、つ-く、つ-ける;6
衆;masses;シュウ、（シュ）;6
集;collect;シュウ、あつ-まる、あつ-める、つど-う;3
愁;distress;シュウ、うれ-える、うれ-い;S
酬;repay;シュウ;S
醜;ugly;シュウ、みにく-い;S
蹴;kick;シュウ、け-る;S
襲;attack;シュウ、おそ-う;S
十;ten;ジュウ、ジッ、とお、と;1
汁;soup;ジュウ、しる;S
充;allot;ジュウ、あ-てる;S
住;dwelling;ジュウ、す-む、す-まう;3
柔;tender;ジュウ、ニュウ、やわ-らか、やわ-らかい;S
重;heavy;ジュウ、チョウ、え、おも-い、かさ-ねる、かさ-なる;3
従;obey;ジュウ、（ショウ）、（ジュ）、したが-う、したが-える;6
渋;astringent;ジュウ、しぶ、しぶ-い、しぶ-る;S
銃;gun;ジュウ;S
獣;animal;ジュウ、けもの;S
縦;vertical;ジュウ、たて;6
叔;uncle;シュク;S
祝;celebrate;シュク、（シュウ）、いわ-う;4
宿;inn;シュク、やど、やど-る、やど-す;3
淑;graceful;シュク;S
粛;solemn;シュク;S
縮;shrink;シュク、ちぢ-む、ちぢ-まる、ちぢ-める、ちぢ-れる、ちぢ-らす;6
塾;cram school;ジュク;S
熟;ripen;ジュク、う-れる;6
出;exit;シュツ、（スイ）、で-る、だ-す;1
述;mention;ジュツ、の-べる;5
術;art;ジュツ;5
俊;genius;シュン;S
春;springtime;シュン、はる;2
瞬;wink;シュン、またた-く;S
旬;10-day period (of the month);ジュン、（シュン）;S
巡;patrol;ジュン、めぐ-る;S
盾;shield;ジュン、たて;S
准;quasi-;ジュン;S
殉;martyrdom;ジュン;S
純;genuine;ジュン;6
循;sequential;ジュン;S
順;obey;ジュン;4
準;standard;ジュン;5
潤;wet;ジュン、うるお-う、うるお-す、うる-む;S
遵;abide by;ジュン;S
処;dispose;ショ;6
初;first;ショ、はじ-め、はじ-めて、はつ、うい、そ-める;4
所;place;ショ、ところ;3
書;write;ショ、か-く;2
庶;commoner;ショ;S
暑;hot;ショ、あつ-い;3
署;government office;ショ;6
緒;thong;ショ、（チョ）、お;S
諸;various;ショ;6
女;woman;ジョ、ニョ、（ニョウ）、おんな、め;1
如;likeness;ジョ、ニョ;S
助;help;ジョ、たす-ける、たす-かる、すけ;3
序;preface;ジョ;5
叙;confer;ジョ;S
徐;gradually;ジョ;S
除;exclude;ジョ、（ジ）、のぞ-く;6
小;small;ショウ、ちい-さい、こ、お;1
升;measuring box;ショウ、ます;S
少;few;ショウ、すく-ない、すこ-し;2
召;summon;ショウ、め-す;S
匠;artisan;ショウ;S
床;bed;ショウ、とこ、ゆか;S
抄;extract;ショウ;S
肖;resemblance;ショウ;S
尚;esteem;ショウ;S
招;beckon;ショウ、まね-く;5
承;acquiesce;ショウ、うけたまわ-る;6
昇;rise up;ショウ、のぼ-る;S
松;pine;ショウ、まつ;4
沼;marsh;ショウ、ぬま;S
昭;shining;ショウ;3
宵;wee hours;ショウ、よい;S
将;leader;ショウ;6
消;extinguish;ショウ、き-える、け-す;3
症;symptoms;ショウ;S
祥;auspicious;ショウ;S
称;appellation;ショウ;S
笑;laugh;ショウ、わら-う、え-む;4
唱;chant;ショウ、とな-える;4
商;sell;ショウ、あきな-う;3
渉;ford;ショウ;S
章;chapter;ショウ;3
紹;introduce;ショウ;S
訟;sue;ショウ;S
勝;win;ショウ、か-つ、まさ-る;3
掌;manipulate;ショウ;S
晶;sparkle;ショウ;S
焼;bake;ショウ、や-く、や-ける;4
焦;char;ショウ、こ-げる、こ-がす、こ-がれる、あせ-る;S
硝;nitrate;ショウ;S
粧;cosmetics;ショウ;S
詔;imperial edict;ショウ、みことのり;S
証;evidence;ショウ;5
象;elephant;ショウ、ゾウ;5
傷;wound;ショウ、きず、いた-む、いた-める;6
"&#x5968;";exhort;ショウ;S
照;illuminate;ショウ、て-る、て-らす、て-れる;4
詳;detailed;ショウ、くわ-しい;S
彰;patent;ショウ;S
障;hurt;ショウ、さわ-る;6
憧;desire;ショウ、あこが-れる;S
衝;collide;ショウ;S
賞;prize;ショウ;5
償;reparation;ショウ、つぐな-う;S
礁;reef;ショウ;S
鐘;bell;ショウ、かね;S
上;up;ジョウ、（ショウ）、うえ、（うわ）、かみ、あ-げる、あ-がる、のぼ-る、のぼ-せる、のぼ-す;1
丈;length;ジョウ、たけ;S
冗;superfluous;ジョウ;S
条;clause;ジョウ;5
状;form;ジョウ;5
乗;ride;ジョウ、の-る、の-せる;3
城;castle;ジョウ、しろ;4
浄;clean;ジョウ;S
剰;surplus;ジョウ;S
常;normal;ジョウ、つね、とこ;5
情;feelings;ジョウ、（セイ）、なさ-け;5
場;place;ジョウ、ば;2
畳;tatami mat;ジョウ、たた-む、たたみ;S
蒸;steam;ジョウ、む-す、む-れる、む-らす;6
縄;straw rope;ジョウ、なわ;4
壌;lot;ジョウ;S
嬢;lass;ジョウ;S
錠;lock;ジョウ;S
譲;defer;ジョウ、ゆず-る;S
醸;brew;ジョウ、かも-す;S
色;color;ショク、シキ、いろ;2
拭;wipe;ショク、ふ-く、ぬぐ-う;S
食;eat, meal;ショク、（ジキ）、く-う、く-らう、た-べる;2
植;plant;ショク、う-える、う-わる;3
殖;augment;ショク、ふ-える、ふ-やす;S
飾;decorate;ショク、かざ-る;S
触;contact;ショク、ふ-れる、さわ-る;S
嘱;entrust;ショク;S
織;weave;ショク、シキ、お-る;5
職;employment;ショク;5
辱;embarrass;ジョク、はずかし-める;S
尻;buttocks;しり;S
心;heart;シン、こころ;2
申;say;シン、もう-す;3
伸;lengthen;シン、の-びる、の-ばす、の-べる;S
臣;retainer;シン、ジン;4
芯;core;シン;S
身;body;シン、み;3
辛;spicy;シン、から-い;S
侵;encroach;シン、おか-す;S
信;trust;シン;4
津;haven;シン、つ;S
神;god;シン、ジン、かみ、（かん）、（こう）;3
唇;lips;シン、くちびる;S
娠;with child;シン;S
振;shake;シン、ふ-る、ふ-るう、ふ-れる;S
浸;immersed;シン、ひた-す、ひた-る;S
真;true;シン、ま;3
針;needle;シン、はり;6
深;deep;シン、ふか-い、ふか-まる、ふか-める;3
紳;sire;シン;S
進;advance;シン、すす-む、すす-める;3
森;forest;シン、もり;1
診;checkup;シン、み-る;S
寝;lie down;シン、ね-る、ね-かす;S
慎;humility;シン、つつし-む;S
新;new;シン、あたら-しい、あら-た、にい;2
審;examine;シン;S
震;quake;シン、ふる-う、ふる-える;S
薪;fuel;シン、たきぎ;S
親;parent;シン、おや、した-しい、した-しむ;2
人;person;ジン、ニン、ひと;1
刃;blade;ジン、は;S
仁;humanity;ジン、（ニ）;6
尽;exhaust;ジン、つ-くす、つ-きる、つ-かす;S
迅;swift;ジン;S
甚;tremendously;ジン、はなは-だ、はなは-だしい;S
陣;camp;ジン;S
尋;inquire;ジン、たず-ねる;S
腎;kidney;ジン;S
須;by all means;ス;S
図;diagram;ズ、ト、はか-る;2
水;water;スイ、みず;1
吹;blow;スイ、ふ-く;S
垂;droop;スイ、た-れる、た-らす;6
炊;cook;スイ、た-く;S
帥;commander;スイ;S
粋;chic;スイ、いき;S
衰;decline;スイ、おとろ-える;S
推;infer;スイ、お-す;6
酔;drunk;スイ、よ-う;S
遂;consummate;スイ、と-げる;S
睡;drowsy;スイ;S
穂;ear;スイ、ほ;S
随;follow;ズイ;S
髄;marrow;ズイ;S
枢;hinge;スウ;S
崇;adore;スウ;S
数;number;スウ、（ス）、かず、かぞ-える;2
据;set;す-える、す-わる;S
杉;cedar;すぎ;S
裾;cuff;すそ;S
寸;measurement;スン;6
瀬;rapids;せ;S
是;just so;ゼ;S
井;well;セイ、（ショウ）、い;4
世;world;セイ、セ、よ;3
正;correct;セイ、ショウ、ただ-しい、ただ-す、まさ;1
生;life;セイ、ショウ、い-きる、い-かす、い-ける、う-まれる、う-む、お-う、は-える、は-やす、き、なま;1
成;become;セイ、（ジョウ）、な-る、な-す;4
西;west;セイ、サイ、にし;2
声;voice;セイ、（ショウ）、こえ、（こわ）;2
制;control;セイ;5
姓;surname;セイ、ショウ;S
征;subjugate;セイ;S
性;gender;セイ、ショウ;5
青;blue;セイ、（ショウ）、あお、あお-い;1
斉;adjusted;セイ;S
政;politics;セイ、（ショウ）、まつりごと;5
星;star;セイ、（ショウ）、ほし;2
牲;animal sacrifice;セイ;S
省;government ministry;セイ、ショウ、かえり-みる、はぶ-く;4
凄;uncanny;セイ;S
逝;departed;セイ、ゆ-く、い-く;S
清;pure;セイ、（ショウ）、きよ-い、きよ-まる、きよ-める;4
盛;prosper;セイ、（ジョウ）、も-る、さか-る、さか-ん;6
婿;bridegroom;セイ、むこ;S
晴;clear up;セイ、は-れる、は-らす;2
勢;power;セイ、いきお-い;5
聖;holy;セイ;6
誠;sincerity;セイ、まこと;6
精;refined;セイ、（ショウ）;5
製;manufacture;セイ;5
誓;vow;セイ、ちか-う;S
静;quiet;セイ、（ジョウ）、しず、しず-か、しず-まる、しず-める;4
請;solicit;セイ、（シン）、こ-う、う-ける;S
整;put in order;セイ、ととの-える、ととの-う;3
醒;be disillusioned;セイ;S
税;tax;ゼイ;5
夕;evening;セキ、ゆう;1
斥;reject;セキ;S
石;stone;セキ、（シャク）、（コク）、いし;1
赤;red;セキ、（シャク）、あか、あか-い、あか-らむ、あか-らめる;1
昔;long ago;セキ、（シャク）、むかし;3
析;chop;セキ;S
席;seat;セキ;4
脊;stature;セキ;S
隻;vessels;セキ;S
惜;pity;セキ、お-しい、お-しむ;S
戚;grieve;セキ;S
責;blame;セキ、せ-める;5
跡;tracks;セキ、あと;S
積;accumulate;セキ、つ-む、つ-もる;4
績;exploits;セキ;5
籍;enroll;セキ;S
切;cut;セツ、（サイ）、き-る、き-れる;2
折;fold;セツ、お-る、おり、お-れる;4
拙;bungling;セツ、つたな-い;S
窃;stealth;セツ;S
接;contact;セツ、つ-ぐ;5
設;establish;セツ、もう-ける;5
雪;snow;セツ、ゆき;2
摂;vicarious;セツ;S
節;node;セツ、（セチ）、ふし;4
説;theory;セツ、（ゼイ）、と-く;4
舌;tongue;ゼツ、した;6
"&#x7d76;";discontinue;ゼツ、た-える、た-やす、た-つ;5
千;thousand;セン、ち;1
川;river;セン、かわ;1
仙;hermit;セン;S
占;fortune telling;セン、し-める、うらな-う;S
先;previous;セン、さき;1
宣;proclaim;セン;6
専;specialty;セン、もっぱ-ら;6
泉;spring;セン、いずみ;6
浅;shallow;セン、あさ-い;4
洗;wash;セン、あら-う;6
染;dye;セン、そ-める、そ-まる、し-みる、し-み;6
扇;fan;セン、おうぎ;S
栓;plug;セン;S
旋;rotation;セン;S
船;boat;セン、ふね、（ふな）;2
戦;war;セン、いくさ、たたか-う;4
煎;broil;セン、い-る;S
羨;envy;セン、うらや-む、うらや-ましい;S
腺;gland;セン;S
詮;discussion;セン;S
践;tread;セン;S
箋;paper;セン;S
銭;coin;セン、ぜに;6
潜;submerge;セン、ひそ-む、もぐ-る;S
線;line;セン;2
遷;transition;セン;S
選;choose;セン、えら-ぶ;4
薦;recommend;セン、すす-める;S
繊;slender;セン;S
鮮;fresh;セン、あざ-やか;S
全;whole;ゼン、まった-く、すべ-て;3
前;in front;ゼン、まえ;2
善;good;ゼン、よ-い;6
然;so;ゼン、ネン;4
禅;Zen;ゼン;S
漸;steadily;ゼン;S
膳;tray;ゼン;S
繕;darning;ゼン、つくろ-う;S
狙;aim at;ソ、ねら-う;S
阻;thwart;ソ、はば-む;S
祖;ancestor;ソ;5
租;tariff;ソ;S
素;elementary;ソ、ス;5
措;set aside;ソ;S
粗;coarse;ソ、あら-い;S
組;association;ソ、く-む、くみ;2
疎;alienate;ソ、うと-い、うと-む;S
訴;sue;ソ、うった-える;S
塑;model;ソ;S
遡;go upstream;ソ、さかのぼ-る;S
礎;cornerstone;ソ、いしずえ;S
双;pair;ソウ、ふた;S
壮;robust;ソウ;S
早;early;ソウ、（サッ）、はや-い、はや-まる、はや-める;1
争;conflict;ソウ、あらそ-う;4
走;run;ソウ、はし-る;2
奏;play music;ソウ、かな-でる;6
相;mutual;ソウ、ショウ、あい;3
荘;villa;ソウ;S
草;grass;ソウ、くさ;1
送;send;ソウ、おく-る;3
倉;warehouse;ソウ、くら;4
捜;search;ソウ、さが-す;S
挿;insert;ソウ、さ-す;S
桑;mulberry;ソウ、くわ;S
巣;nest;ソウ、す;4
掃;sweep;ソウ、は-く;S
曹;cadet;ソウ;S
曽;formerly;ソウ、（ゾ）;S
爽;refreshing;ソウ、さわ-やか;S
窓;window;ソウ、まど;6
創;create;ソウ、つく-る;6
喪;miss;ソウ、も;S
痩;get thin;ソウ、や-せる;S
葬;interment;ソウ、ほうむ-る;S
装;attire;ソウ、ショウ、よそお-う;6
僧;Buddhist priest;ソウ;S
想;concept;ソウ、（ソ）;3
層;stratum;ソウ;6
総;whole;ソウ;5
遭;encounter;ソウ、あ-う;S
槽;vat;ソウ;S
踪;remains;ソウ;S
操;maneuver;ソウ、みさお、あやつ-る;6
燥;parch;ソウ;S
霜;frost;ソウ、しも;S
騒;boisterous;ソウ、さわ-ぐ;S
藻;seaweed;ソウ、も;S
造;create;ゾウ、つく-る;5
像;statue;ゾウ;5
増;increase;ゾウ、ま-す、ふ-える、ふ-やす;5
憎;hate;ゾウ、にく-む、にく-い、にく-らしい、にく-しみ;S
蔵;warehouse;ゾウ、くら;6
贈;presents;ゾウ、（ソウ）、おく-る;S
臓;entrails;ゾウ;6
即;instant;ソク;S
束;bundle;ソク、たば;4
足;foot;ソク、あし、た-りる、た-る、た-す;1
促;stimulate;ソク、うなが-す;S
則;rule;ソク;5
息;breath;ソク、いき;3
捉;capture;ソク、とら-える;S
速;fast;ソク、はや-い、はや-める、はや-まる、すみ-やか;3
側;side;ソク、がわ;4
測;fathom;ソク、はか-る;5
俗;vulgar;ゾク;S
族;tribe;ゾク;3
属;belong;ゾク;5
賊;burglar;ゾク;S
続;continue;ゾク、つづ-く、つづ-ける;4
卒;graduate;ソツ;4
率;rate;ソツ、リツ、ひき-いる;5
存;suppose;ソン、ゾン;6
村;village;ソン、むら;1
孫;grandchild;ソン、まご;4
尊;revered;ソン、たっと-い、とうと-い、たっと-ぶ、とうと-ぶ;6
損;loss;ソン、そこ-なう、そこ-ねる;5
遜;humble;ソン;S
他;other;タ、ほか;3
多;many;タ、おお-い;2
汰;luxury;タ;S
打;hit;ダ、う-つ;3
妥;gentle;ダ;S
唾;saliva;ダ、つば;S
堕;degenerate;ダ;S
惰;lazy;ダ;S
駄;burdensome;ダ;S
太;thick;タイ、タ、ふと-い、ふと-る;2
対;opposite;タイ、ツイ;3
体;body;タイ、テイ、からだ;2
耐;resistant;タイ、た-える;S
待;wait;タイ、ま-つ;3
怠;neglect;タイ、おこた-る、なま-ける;S
胎;womb;タイ;S
退;retreat;タイ、しりぞ-く、しりぞ-ける;6
帯;sash;タイ、お-びる、おび;4
泰;peaceful;タイ;S
堆;piled high;タイ;S
袋;sack;タイ、ふくろ;S
逮;apprehend;タイ;S
替;exchange;タイ、か-える、か-わる;S
貸;lend;タイ、か-す;5
隊;group;タイ;4
滞;stagnate;タイ、とどこお-る;S
態;condition;タイ;5
戴;be crowned with;タイ;S
大;large;ダイ、タイ、おお、おお-きい、おお-いに;1
代;substitute;ダイ、タイ、か-わる、か-える、よ、しろ;3
台;pedestal;ダイ、タイ;2
第;ordinal number prefix;ダイ;3
題;topic;ダイ;3
滝;waterfall;たき;S
宅;home;タク;6
択;choose;タク;S
沢;swamp;タク、さわ;S
卓;eminent;タク;S
拓;clear (the land);タク;S
託;consign;タク;S
濯;laundry;タク;S
諾;consent;ダク;S
濁;voiced;ダク、にご-る、にご-す;S
但;however;ただ-し;S
達;attain;タツ;4
脱;undress;ダツ、ぬ-ぐ、ぬ-げる;S
奪;rob;ダツ、うば-う;S
棚;shelf;たな;S
誰;who (question word);だれ;S
丹;cinnabar;タン;S
旦;daybreak;タン、ダン;S
担;shouldering;タン、かつ-ぐ、にな-う;6
単;simple;タン;4
炭;charcoal;タン、すみ;3
胆;gall bladder;タン;S
探;grope;タン、さぐ-る、さが-す;6
淡;thin;タン、あわ-い;S
短;short;タン、みじか-い;3
嘆;sigh;タン、なげ-く、なげ-かわしい;S
端;edge;タン、はし、は、はた;S
綻;rip;タン、ほころ-びる;S
誕;nativity;タン;6
鍛;forge;タン、きた-える;S
団;group;ダン、（トン）;5
男;male;ダン、ナン、おとこ;1
段;steps;ダン;6
断;cut off;ダン、た-つ、ことわ-る;5
弾;bullet;ダン、ひ-く、はず-む、たま;S
暖;warmth;ダン、あたた-か、あたた-かい、あたた-まる、あたた-める;6
談;discuss;ダン;3
壇;podium;ダン、（タン）;S
地;ground;チ、ジ;2
池;pond;チ、いけ;2
知;know;チ、し-る;2
値;value;チ、ね、あたい;6
恥;shame;チ、は-じる、はじ、は-じらう、は-ずかしい;S
致;(to) do;チ、いた-す;S
遅;slow;チ、おく-れる、おく-らす、おそ-い;S
痴;stupid;チ;S
稚;immature;チ;S
置;put;チ、お-く;4
緻;fine (not coarse);チ;S
竹;bamboo;チク、たけ;1
畜;livestock;チク;S
逐;pursue;チク;S
蓄;amass;チク、たくわ-える;S
築;fabricate;チク、きず-く;5
秩;regularity;チツ;S
窒;plug up;チツ;S
茶;tea;チャ、サ;2
着;wear;チャク、（ジャク）、き-る、き-せる、つ-く、つ-ける;3
嫡;legitimate wife;チャク;S
中;middle;チュウ、（ジュウ）、なか;1
仲;relationship;チュウ、なか;4
虫;insect;チュウ、むし;1
沖;open sea;チュウ、おき;4
宙;mid-air;チュウ;6
忠;loyalty;チュウ;6
抽;pluck;チュウ;S
注;pour;チュウ、そそ-ぐ;3
昼;daytime;チュウ、ひる;2
柱;pillar;チュウ、はしら;3
衷;inmost;チュウ;S
酎;sake;チュウ;S
鋳;casting;チュウ、い-る;S
駐;stop-over;チュウ;S
著;renowned;チョ、あらわ-す、いちじる-しい;6
貯;savings;チョ;5
丁;ward;チョウ、テイ;3
弔;condolences;チョウ、とむら-う;S
庁;government office;チョウ;6
兆;portent, trillion;チョウ、きざ-す、きざ-し;4
町;town;チョウ、まち;1
長;long;チョウ、なが-い;2
挑;challenge;チョウ、いど-む;S
帳;account book;チョウ;3
張;stretch;チョウ、は-る;5
彫;carve;チョウ、ほ-る;S
眺;stare;チョウ、なが-める;S
釣;angling;チョウ、つ-る;S
頂;place on the head;チョウ、いただ-く、いただき;6
鳥;bird;チョウ、とり;2
朝;morning;チョウ、あさ;2
貼;paste;チョウ、は-る;S
超;transcend;チョウ、こ-える、こ-す;S
腸;intestines;チョウ;6
跳;hop;チョウ、は-ねる、と-ぶ;S
徴;indications;チョウ;S
嘲;ridicule;チョウ、あざけ-る;S
潮;tide;チョウ、しお;6
澄;lucidity;チョウ、す-む、す-ます;S
調;investigate;チョウ、しら-べる、ととの-う、ととの-える;3
聴;listen;チョウ、き-く;S
懲;penal;チョウ、こ-りる、こ-らす、こ-らしめる;S
直;straight;チョク、ジキ、ただ-ちに、なお-す、なお-る;2
勅;imperial order;チョク;S
捗;make progress;チョク;S
沈;sink;チン、しず-む、しず-める;S
珍;rare;チン、めずら-しい;S
朕;majestic plural;チン;S
陳;exhibit;チン;S
賃;fare;チン;6
鎮;tranquilize;チン、しず-める、しず-まる;S
追;follow;ツイ、お-う;3
椎;oak;ツイ;S
墜;crash;ツイ;S
通;pass through;ツウ、（ツ）、とお-る、とお-す、かよ-う;2
痛;pain;ツウ、いた-い、いた-む、いた-める;6
塚;hillock;つか;S
漬;pickling;つ-ける、つ-かる;S
坪;two-mat area;つぼ;S
爪;claw;つめ、（つま）;S
鶴;crane;つる;S
低;low;テイ、ひく-い、ひく-める、ひく-まる;4
呈;display;テイ;S
廷;courts;テイ;S
弟;younger brother;テイ、（ダイ）、（デ）、おとうと;2
定;decide;テイ、ジョウ、さだ-める、さだ-まる、さだ-か;3
底;bottom;テイ、そこ;4
抵;resist;テイ;S
邸;residence;テイ;S
亭;pavilion;テイ;S
貞;upright;テイ;S
帝;sovereign;テイ;S
訂;revise;テイ;S
庭;garden;テイ、にわ;3
逓;relay;テイ;S
停;halt;テイ;5
偵;spy;テイ;S
堤;dike;テイ、つつみ;S
提;present;テイ、さ-げる;5
程;extent;テイ、ほど;5
艇;rowboat;テイ;S
締;tighten;テイ、し-まる、し-める;S
諦;abandon;テイ、あきら-める;S
泥;mud;デイ、どろ;S
的;target;テキ、まと;4
笛;flute;テキ、ふえ;3
摘;pinch;テキ、つ-む;S
滴;drip;テキ、しずく、したた-る;S
適;suitable;テキ;5
敵;enemy;テキ、かたき;6
溺;drown;デキ、おぼ-れる;S
迭;transfer;テツ;S
哲;philosophy;テツ;S
鉄;iron;テツ;3
徹;penetrate;テツ;S
撤;remove;テツ;S
天;heaven;テン、あめ、（あま）;1
典;code;テン;4
店;shop;テン、みせ;2
点;point;テン;2
展;expand;テン;6
添;annexed;テン、そ-える、そ-う;S
転;revolve;テン、ころ-がる、ころ-げる、ころ-がす、ころ-ぶ;3
塡;fill in;テン;S
田;rice paddy;デン、た;1
伝;transmit;デン、つた-わる、つた-える、つた-う;4
殿;Mr.;デン、テン、との、どの;S
電;electricity;デン;2
斗;Big Dipper;ト;S
吐;spit;ト、は-く;S
妬;jealousy;ト、ねた-む;S
徒;junior;ト;4
途;route;ト;S
都;metropolis;ト、ツ、みやこ;3
渡;transit;ト、わた-る、わた-す;S
塗;paint;ト、ぬ-る;S
賭;gamble;ト、か-ける;S
土;soil;ド、ト、つち;1
奴;guy;ド;S
努;toil;ド、つと-める;4
度;degrees;ド、（ト）、（タク）、たび;3
怒;angry;ド、いか-る、おこ-る;S
刀;sword;トウ、かたな;2
冬;winter;トウ、ふゆ;2
灯;lamp;トウ、ひ;4
当;hit;トウ、あ-たる、あ-てる;2
投;throw;トウ、な-げる;3
豆;beans;トウ、（ズ）、まめ;3
東;east;トウ、ひがし;2
到;arrival;トウ;S
逃;escape;トウ、に-げる、に-がす、のが-す、のが-れる;S
倒;overthrow;トウ、たお-れる、たお-す;S
凍;frozen;トウ、こお-る、こご-える;S
唐;T'ang;トウ、から;S
島;island;トウ、しま;3
桃;peach tree;トウ、もも;S
討;chastise;トウ、う-つ;6
透;transparent;トウ、す-く、す-かす、す-ける;S
党;group;トウ;6
悼;lament;トウ、いた-む;S
盗;steal;トウ、ぬす-む;S
陶;pottery;トウ;S
塔;pagoda;トウ;S
搭;board;トウ;S
棟;ridgepole;トウ、むね、（むな）;S
湯;hot water;トウ、ゆ;3
痘;pox;トウ;S
登;climb;トウ、ト、のぼ-る;3
答;answer;トウ、こた-える、こた-え;2
等;class;トウ、ひと-しい;3
筒;cylinder;トウ、つつ;S
統;unite;トウ、す-べる;5
稲;rice plant;トウ、いね、（いな）;S
踏;step;トウ、ふ-む、ふ-まえる;S
糖;sugar;トウ;6
頭;head;トウ、ズ、（ト）、あたま、かしら;2
謄;mimeograph;トウ;S
藤;wisteria;トウ、ふじ;S
闘;fight;トウ、たたか-う;S
騰;inflation;トウ;S
同;same;ドウ、おな-じ;2
洞;den;ドウ、ほら;S
胴;trunk;ドウ;S
動;move;ドウ、うご-く、うご-かす;3
堂;public chamber;ドウ;5
童;juvenile;ドウ、わらべ;3
道;road;ドウ、（トウ）、みち;2
働;work;ドウ、はたら-く;4
銅;copper;ドウ;5
導;guide;ドウ、みちび-く;5
瞳;pupil;ドウ、ひとみ;S
峠;mountain peak;とうげ;S
匿;hide;トク;S
特;special;トク;4
得;acquire;トク、え-る、う-る;5
督;coach;トク;S
徳;benevolence;トク;4
篤;fervent;トク;S
毒;poison;ドク;5
独;alone;ドク、ひと-り;5
読;read;ドク、トク、（トウ）、よ-む;2
栃;horse chestnut;（とち）;4
凸;convex;トツ;S
突;stab;トツ、つ-く;S
届;deliver;とど-ける、とど-く;6
屯;barracks;トン;S
豚;pork;トン、ぶた;S
頓;suddenly;トン;S
貪;covet;ドン、むさぼ-る;S
鈍;dull;ドン、にぶ-い、にぶ-る;S
曇;cloudy weather;ドン、くも-る;S
丼;bowl of food;どんぶり、（どん）;S
那;what;ナ;S
奈;what;ナ;4
内;inside;ナイ、（ダイ）、うち;2
梨;pear tree;なし;4
謎;riddle;なぞ;S
鍋;pot;なべ;S
南;south;ナン、（ナ）、みなみ;2
軟;soft;ナン、やわ-らか、やわ-らかい;S
難;difficult;ナン、かた-い、むずか-しい;6
二;two;ニ、ふた、ふた-つ;1
尼;nun;ニ、あま;S
弐;two (falsification prevention);ニ;S
匂;scent;にお-う;S
肉;meat;ニク;2
虹;rainbow;にじ;S
日;day;ニチ、ジツ、ひ、か;1
入;enter;ニュウ、い-る、い-れる、はい-る;1
乳;milk;ニュウ、ちち、ち;6
尿;urine;ニョウ;S
任;responsibility;ニン、まか-せる、まか-す;5
妊;pregnancy;ニン;S
忍;endure;ニン、しの-ぶ、しの-ばせる;S
認;recognize;ニン、みと-める;6
寧;rather;ネイ;S
熱;heat;ネツ、あつ-い;4
年;year;ネン、とし;1
念;thought;ネン;4
捻;twist;ネン;S
粘;sticky;ネン、ねば-る;S
燃;burn;ネン、も-える、も-やす、も-す;5
悩;trouble;ノウ、なや-む、なや-ます;S
納;settlement;ノウ、（ナッ）、（ナ）、（ナン）、（トウ）、おさ-める、おさ-まる;6
能;ability;ノウ;5
脳;brain;ノウ;6
農;farming;ノウ;3
濃;concentrated;ノウ、こ-い;S
把;grasp;ハ;S
波;wave;ハ、なみ;3
派;sect;ハ;6
破;rend;ハ、やぶ-る、やぶ-れる;5
覇;hegemony;ハ;S
馬;horse;バ、うま、（ま）;2
婆;old woman;バ;S
罵;insult;バ、ののし-る;S
拝;worship;ハイ、おが-む;6
杯;counter for cupfuls;ハイ、さかずき;S
背;back;ハイ、せ、せい、そむ-く、そむ-ける;6
肺;lungs;ハイ;6
俳;haiku;ハイ;6
配;distribute;ハイ、くば-る;3
排;repudiate;ハイ;S
敗;failure;ハイ、やぶ-れる;4
廃;abolish;ハイ、すた-れる、すた-る;S
輩;comrade;ハイ;S
売;sell;バイ、う-る、う-れる;2
倍;double;バイ;3
梅;ume (Japanese apricot);バイ、うめ;4
培;cultivate;バイ、つちか-う;S
陪;obeisance;バイ;S
媒;mediator;バイ;S
買;buy;バイ、か-う;2
賠;compensation;バイ;S
白;white;ハク、ビャク、しろ、（しら）、しろ-い;1
伯;chief;ハク;S
拍;clap;ハク、（ヒョウ）;S
泊;overnight;ハク、と-まる、と-める;S
迫;urge;ハク、せま-る;S
剝;peel;ハク、は-がす、は-ぐ、は-がれる、は-げる;S
舶;liner;ハク;S
博;Dr.;ハク、（バク）;4
薄;dilute;ハク、うす-い、うす-める、うす-まる、うす-らぐ、うす-れる;S
"&#x9ea6;";wheat;バク、むぎ;2
漠;vague;バク;S
縛;truss;バク、しば-る;S
爆;explode;バク;S
箱;box;はこ;3
箸;chopsticks;はし;S
畑;farm;はた、はたけ;3
肌;texture;はだ;S
八;eight;ハチ、や、や-つ、やっ-つ、（よう）;1
鉢;bowl;ハチ、（ハツ）;S
発;departure;ハツ、ホツ;3
髪;hair of the head;ハツ、かみ;S
伐;fell;バツ;S
抜;slip out;バツ、ぬ-く、ぬ-ける、ぬ-かす、ぬ-かる;S
罰;penalty;バツ、バチ;S
閥;clique;バツ;S
反;anti-;ハン、（ホン）、（タン）、そ-る、そ-らす;3
半;half;ハン、なか-ば;2
氾;spread out;ハン;S
犯;crime;ハン、おか-す;5
帆;sail;ハン、ほ;S
汎;pan-;ハン;S
伴;consort;ハン、バン、ともな-う;S
判;judge;ハン、バン;5
坂;slope;ハン、さか;3
阪;heights;ハン;4
板;board;ハン、バン、いた;3
版;printing block;ハン;5
班;squad;ハン;6
畔;paddy-ridge;ハン;S
般;generally;ハン;S
販;marketing;ハン;S
斑;blemish;ハン;S
飯;meal;ハン、めし;4
搬;conveyor;ハン;S
煩;anxiety;ハン、（ボン）、わずら-う、わずら-わす;S
頒;partition;ハン;S
範;pattern;ハン;S
繁;luxuriant;ハン;S
藩;clan;ハン;S
"&#x6669;";nightfall;バン;6
番;one's turn;バン;2
蛮;barbarian;バン;S
盤;tray;バン;S
比;compare;ヒ、くら-べる;5
皮;skin;ヒ、かわ;3
妃;queen;ヒ;S
否;negate;ヒ、いな;6
批;criticism;ヒ;6
彼;he;ヒ、かれ、（かの）;S
披;expose;ヒ;S
肥;fertilizer;ヒ、こ-える、こえ、こ-やす、こ-やし;5
非;negative;ヒ;5
卑;lowly;ヒ、いや-しい、いや-しむ、いや-しめる;S
飛;fly;ヒ、と-ぶ、と-ばす;4
疲;exhausted;ヒ、つか-れる;S
秘;secret;ヒ、ひ-める;6
被;incur;ヒ、こうむ-る;S
悲;sad;ヒ、かな-しい、かな-しむ;3
扉;front door;ヒ、とびら;S
費;expense;ヒ、つい-やす、つい-える;5
碑;tombstone;ヒ;S
罷;quit;ヒ;S
避;evade;ヒ、さ-ける;S
尾;tail;ビ、お;S
眉;eyebrow;ビ、（ミ）、まゆ;S
美;beauty;ビ、うつく-しい;3
備;provide;ビ、そな-える、そな-わる;5
微;delicate;ビ;S
鼻;nose;ビ、はな;3
膝;knee;ひざ;S
肘;elbow;ひじ;S
匹;equal;ヒツ、ひき;S
必;without fail;ヒツ、かなら-ず;4
泌;ooze;ヒツ、ヒ;S
筆;writing brush;ヒツ、ふで;3
姫;princess;ひめ;S
百;hundred;ヒャク;1
氷;ice;ヒョウ、こおり、ひ;3
表;express;ヒョウ、おもて、あらわ-す、あらわ-れる;3
俵;bag;ヒョウ、たわら;6
票;ballot;ヒョウ;4
評;evaluate;ヒョウ;5
漂;drift;ヒョウ、ただよ-う;S
標;signpost;ヒョウ;4
苗;seedling;ビョウ、なえ、（なわ）;S
秒;second (part of time);ビョウ;3
病;sick;ビョウ、（ヘイ）、や-む、やまい;3
描;sketch;ビョウ、えが-く、か-く;S
猫;cat;ビョウ、ねこ;S
品;article;ヒン、しな;3
浜;seacoast;ヒン、はま;S
貧;poor;ヒン、ビン、まず-しい;5
賓;V.I.P.;ヒン;S
頻;repeatedly;ヒン;S
敏;cleverness;ビン;S
瓶;flower pot;ビン;S
不;non-;フ、ブ;4
夫;husband;フ、（フウ）、おっと;4
父;father;フ、ちち;2
付;attach;フ、つ-ける、つ-く;4
布;linen;フ、ぬの;5
扶;aid;フ;S
府;urban prefecture;フ;4
怖;dreadful;フ、こわ-い;S
阜;mound;（フ）;4
附;affixed;フ;S
訃;obituary;フ;S
負;lose;フ、ま-ける、ま-かす、お-う;3
赴;proceed;フ、おもむ-く;S
浮;floating;フ、う-く、う-かれる、う-かぶ、う-かべる;S
婦;lady;フ;5
符;token;フ;S
富;rich;フ、（フウ）、と-む、とみ;4
普;universal;フ;S
腐;rot;フ、くさ-る、くさ-れる、くさ-らす;S
敷;spread;フ、し-く;S
膚;skin;フ;S
賦;levy;フ;S
譜;musical score;フ;S
侮;scorn;ブ、あなど-る;S
武;military;ブ、ム;5
部;part;ブ;3
舞;dance;ブ、ま-う、まい;S
封;seal;フウ、ホウ;S
風;wind;フウ、（フ）、かぜ、（かざ）;2
伏;prostrated;フク、ふ-せる、ふ-す;S
服;clothes;フク;3
副;vice;フク;4
幅;breadth;フク、はば;S
復;again;フク;5
福;luck;フク;3
腹;abdomen;フク、はら;6
複;duplicate;フク;5
覆;capsize;フク、おお-う、くつがえ-す、くつがえ-る;S
払;pay;フツ、はら-う;S
沸;seethe;フツ、わ-く、わ-かす;S
仏;Buddha;ブツ、ほとけ;5
物;thing;ブツ、モツ、もの;3
粉;flour;フン、こ、こな;5
紛;distract;フン、まぎ-れる、まぎ-らす、まぎ-らわす、まぎ-らわしい;S
雰;atmosphere;フン;S
噴;erupt;フン、ふ-く;S
墳;tomb;フン;S
憤;aroused;フン、いきどお-る;S
奮;stirred up;フン、ふる-う;6
分;part, minute of time;ブン、フン、ブ、わ-ける、わ-かれる、わ-かる、わ-かつ;2
文;writing;ブン、モン、ふみ;1
聞;hear;ブン、モン、き-く、き-こえる;2
丙;third class;ヘイ;S
平;flat;ヘイ、ビョウ、たい-ら、ひら;3
兵;soldier;ヘイ、ヒョウ;4
併;join;ヘイ、あわ-せる;S
並;line-up;ヘイ、なみ、なら-べる、なら-ぶ、なら-びに;6
柄;design;ヘイ、がら、え;S
陛;highness;ヘイ;6
閉;closed;ヘイ、と-じる、と-ざす、し-める、し-まる;6
塀;fence;ヘイ;S
幣;cash;ヘイ;S
弊;abuse;ヘイ;S
蔽;cover;ヘイ;S
餅;mochi rice cake;ヘイ、もち;S
米;rice;ベイ、マイ、こめ;2
壁;wall;ヘキ、かべ;S
璧;sphere;ヘキ;S
癖;mannerism;ヘキ、くせ;S
別;separate;ベツ、わか-れる;4
蔑;ignore;ベツ、さげす-む;S
片;one-sided;ヘン、かた;6
辺;environs;ヘン、あた-り、べ;4
返;return;ヘン、かえ-す、かえ-る;3
変;change;ヘン、か-わる、か-える;4
偏;partial;ヘン、かたよ-る;S
遍;everywhere;ヘン;S
編;compile;ヘン、あ-む;5
弁;valve;ベン;5
便;convenience;ベン、ビン、たよ-り;4
勉;exertion;ベン;3
歩;walk;ホ、ブ、（フ）、ある-く、あゆ-む;2
保;preserve;ホ、たも-つ;5
哺;suckle;ホ;S
捕;catch;ホ、と-らえる、と-らわれる、と-る、つか-まえる、つか-まる;S
補;supplement;ホ、おぎな-う;6
舗;pavement;ホ;S
母;mother;ボ、はは;2
募;recruit;ボ、つの-る;S
墓;grave;ボ、はか;5
慕;pining;ボ、した-う;S
暮;livelihood;ボ、く-れる、く-らす;6
簿;register;ボ;S
方;direction;ホウ、かた;2
包;wrap;ホウ、つつ-む;4
芳;perfume;ホウ、かんば-しい;S
邦;home country;ホウ;S
奉;observance;ホウ、（ブ）、たてまつ-る;S
宝;treasure;ホウ、たから;6
抱;embrace;ホウ、だ-く、いだ-く、かか-える;S
放;release;ホウ、はな-す、はな-つ、はな-れる、ほう-る;3
法;method;ホウ、（ハッ）、（ホッ）;4
泡;bubbles;ホウ、あわ;S
胞;placenta;ホウ;S
俸;salary;ホウ;S
倣;emulate;ホウ、なら-う;S
峰;summit;ホウ、みね;S
砲;cannon;ホウ;S
崩;crumble;ホウ、くず-れる、くず-す;S
訪;visit;ホウ、おとず-れる、たず-ねる;6
報;report;ホウ、むく-いる;5
蜂;bee;ホウ、はち;S
豊;bountiful;ホウ、ゆた-か;5
飽;sated;ホウ、あ-きる、あ-かす;S
褒;praise;ホウ、ほ-める;S
縫;sew;ホウ、ぬ-う;S
亡;deceased;ボウ、（モウ）、な-い;6
乏;scarce;ボウ、とぼ-しい;S
忙;busy;ボウ、いそが-しい;S
坊;boy;ボウ、（ボッ）;S
妨;disturb;ボウ、さまた-げる;S
忘;forget;ボウ、わす-れる;6
防;prevent;ボウ、ふせ-ぐ;5
房;tassel;ボウ、ふさ;S
肪;obese;ボウ;S
某;so-and-so;ボウ;S
冒;risk;ボウ、おか-す;S
剖;divide;ボウ;S
紡;spinning;ボウ、つむ-ぐ;S
望;hope;ボウ、モウ、のぞ-む;4
傍;bystander;ボウ、かたわ-ら;S
帽;cap;ボウ;S
棒;rod;ボウ;6
貿;trade;ボウ;5
貌;appearance;ボウ;S
暴;outburst;ボウ、（バク）、あば-く、あば-れる;5
膨;swell;ボウ、ふく-らむ、ふく-れる;S
謀;conspire;ボウ、（ム）、はか-る;S
頰;cheek;ほお;S
北;north;ホク、きた;2
木;tree;ボク、モク、き、（こ）;1
朴;crude;ボク;S
牧;breed;ボク、まき;4
睦;harmonious;ボク;S
僕;me;ボク;S
墨;black ink;ボク、すみ;S
撲;slap;ボク;S
没;drown;ボツ;S
勃;rise;ボツ;S
堀;ditch;ほり;S
本;book;ホン、もと;1
奔;bustle;ホン;S
翻;flip;ホン、ひるがえ-る、ひるがえ-す;S
凡;mediocre;ボン、（ハン）;S
盆;basin;ボン;S
麻;hemp;マ、あさ;S
摩;chafe;マ;S
磨;grind;マ、みが-く;S
魔;witch;マ;S
毎;every;マイ;2
妹;younger sister;マイ、いもうと;2
枚;sheet of...;マイ;6
昧;foolish;マイ;S
埋;bury;マイ、う-める、う-まる、う-もれる;S
幕;curtain;マク、バク;6
膜;membrane;マク;S
枕;pillow;まくら;S
又;or again;また;S
末;end;マツ、バツ、すえ;4
抹;rub;マツ;S
万;ten thousand;マン、バン;2
満;full;マン、み-ちる、み-たす;4
慢;ridicule;マン;S
漫;cartoon;マン;S
未;not yet;ミ;4
味;flavor;ミ、あじ、あじ-わう;3
魅;fascination;ミ;S
岬;headland;みさき;S
密;secrecy;ミツ;6
蜜;honey;ミツ;S
脈;vein;ミャク;5
妙;exquisite;ミョウ;S
民;people;ミン、たみ;4
眠;sleep;ミン、ねむ-る、ねむ-い;S
矛;halberd;ム、ほこ;S
務;duty;ム、つと-める、つと-まる;5
無;nothing;ム、ブ、な-い;4
夢;dream;ム、ゆめ;5
霧;fog;ム、きり;S
娘;daughter;むすめ;S
名;name;メイ、ミョウ、な;1
命;fate;メイ、ミョウ、いのち;3
明;bright;メイ、ミョウ、あ-かり、あか-るい、あか-るむ、あか-らむ、あき-らか、あ-ける、あ-く、あ-くる、あ-かす;2
迷;astray;メイ、まよ-う;5
冥;dark;メイ、ミョウ;S
盟;alliance;メイ;6
銘;inscription;メイ;S
鳴;chirp;メイ、な-く、な-る、な-らす;2
滅;destroy;メツ、ほろ-びる、ほろ-ぼす;S
免;excuse;メン、まぬか-れる;S
面;face;メン、おも、おもて、つら;3
綿;cotton;メン、わた;5
麺;noodles;メン;S
茂;overgrown;モ、しげ-る;S
模;imitation;モ、ボ;6
毛;hair;モウ、け;2
妄;delusion;モウ、ボウ;S
盲;blind;モウ;S
耗;decrease;モウ、（コウ）;S
猛;fierce;モウ;S
網;netting;モウ、あみ;S
目;eye;モク、（ボク）、め、（ま）;1
黙;silence;モク、だま-る;S
門;gates;モン、かど;2
紋;family crest;モン;S
問;question;モン、と-う、と-い、（とん）;3
冶;melting;ヤ;S
夜;night;ヤ、よ、よる;2
野;field;ヤ、の;2
弥;all the more;や;S
厄;unlucky;ヤク;S
役;service;ヤク、エキ;3
約;promise;ヤク;4
訳;translate;ヤク、わけ;6
薬;medicine;ヤク、くすり;3
躍;leap;ヤク、おど-る;S
闇;darkness;やみ;S
由;reason;ユ、ユウ、（ユイ）、よし;3
油;oil;ユ、あぶら;3
喩;metaphor;ユ;S
愉;pleasure;ユ;S
諭;rebuke;ユ、さと-す;S
輸;transport;ユ;5
癒;healing;ユ、い-える、い-やす;S
唯;solely;ユイ、（イ）;S
友;friend;ユウ、とも;2
有;have;ユウ、ウ、あ-る;3
勇;courage;ユウ、いさ-む;4
幽;seclude;ユウ;S
悠;permanence;ユウ;S
郵;mail;ユウ;6
湧;boil;ユウ、わ-く;S
猶;furthermore;ユウ;S
裕;abundant;ユウ;S
遊;play;ユウ、（ユ）、あそ-ぶ;3
雄;male;ユウ、お、おす;S
誘;entice;ユウ、さそ-う;S
憂;melancholy;ユウ、うれ-える、うれ-い、う-い;S
融;dissolve;ユウ;S
優;superior;ユウ、やさ-しい、すぐ-れる;6
与;give;ヨ、あた-える;S
予;in advance;ヨ;3
余;leave over;ヨ、あま-る、あま-す;5
誉;reputation;ヨ、ほま-れ;S
預;deposit;ヨ、あず-ける、あず-かる;6
幼;infancy;ヨウ、おさな-い;6
用;use;ヨウ、もち-いる;2
羊;sheep;ヨウ、ひつじ;3
妖;bewitching;ヨウ、あや-しい;S
洋;ocean;ヨウ;3
要;need;ヨウ、かなめ、い-る;4
容;contain;ヨウ;5
庸;commonplace;ヨウ;S
揚;hoist;ヨウ、あ-げる、あ-がる;S
揺;swing;ヨウ、ゆ-れる、ゆ-る、ゆ-らぐ、ゆ-るぐ、ゆ-する、ゆ-さぶる、ゆ-すぶる;S
葉;leaf;ヨウ、は;3
陽;sunshine;ヨウ;3
溶;melt;ヨウ、と-ける、と-かす、と-く;S
腰;loins;ヨウ、こし;S
様;formal title;ヨウ、さま;3
瘍;boil (medical);ヨウ;S
踊;jump;ヨウ、おど-る、おど-り;S
窯;kiln;ヨウ、かま;S
養;foster;ヨウ、やしな-う;4
擁;embrace;ヨウ;S
謡;noh chanting;ヨウ、うたい、うた-う;S
曜;day of the week;ヨウ;2
抑;repress;ヨク、おさ-える;S
沃;fertility;ヨク;S
浴;bathe;ヨク、あ-びる、あ-びせる;4
欲;longing;ヨク、ほっ-する、ほ-しい;6
翌;the following;ヨク;6
翼;wing;ヨク、つばさ;S
拉;crush;ラ;S
裸;naked;ラ、はだか;S
羅;gauze;ラ;S
来;come;ライ、く-る、きた-る、きた-す;2
雷;thunder;ライ、かみなり;S
頼;trust;ライ、たの-む、たの-もしい、たよ-る;S
絡;entwine;ラク、から-む、から-まる、から-める;S
落;fall;ラク、お-ちる、お-とす;3
酪;dairy products;ラク;S
辣;bitter;ラツ;S
乱;riot;ラン、みだ-れる、みだ-す;6
卵;egg;ラン、たまご;6
覧;perusal;ラン;6
濫;excessive;ラン;S
藍;indigo;ラン、あい;S
欄;column;ラン;S
吏;officer;リ;S
利;profit;リ、き-く;4
里;village;リ、さと;2
理;reason;リ;2
痢;diarrhea;リ;S
裏;back;リ、うら;6
履;footgear;リ、は-く;S
璃;glassy;リ;S
離;detach;リ、はな-れる、はな-す;S
陸;land;リク;4
立;stand up;リツ、（リュウ）、た-つ、た-てる;1
律;law;リツ、（リチ）;6
慄;fear;リツ;S
略;abbreviation;リャク;5
柳;willow;リュウ、やなぎ;S
流;stream;リュウ、（ル）、なが-れる、なが-す;3
留;detain;リュウ、（ル）、と-める、と-まる;5
竜;dragon;リュウ、たつ;S
粒;grains;リュウ、つぶ;S
隆;hump;リュウ;S
硫;sulphur;リュウ;S
侶;companion;リョ;S
旅;trip;リョ、たび;3
虜;captive;リョ;S
慮;prudence;リョ;S
了;finish;リョウ;S
両;both;リョウ;3
良;good;リョウ、よ-い;4
料;fee;リョウ;4
涼;refreshing;リョウ、すず-しい、すず-む;S
猟;game-hunting;リョウ;S
陵;mausoleum;リョウ、みささぎ;S
量;quantity;リョウ、はか-る;4
僚;colleague;リョウ;S
領;territory;リョウ;5
寮;dormitory;リョウ;S
療;heal;リョウ;S
瞭;clear;リョウ;S
糧;provisions;リョウ、（ロウ）、かて;S
力;power;リョク、リキ、ちから;1
緑;green;リョク、（ロク）、みどり;3
林;woods;リン、はやし;1
厘;thousandth;リン;S
倫;ethics;リン;S
輪;wheel;リン、わ;4
隣;neighboring;リン、とな-る、となり;S
臨;look to;リン、のぞ-む;6
瑠;lapis lazuli;ル;S
涙;tears;ルイ、なみだ;S
累;accumulate;ルイ;S
塁;bases;ルイ;S
類;sort;ルイ、たぐ-い;4
令;orders;レイ;4
礼;thanks;レイ、ライ;3
冷;cool;レイ、つめ-たい、ひ-える、ひ-や、ひ-やす、ひ-やかす、さ-める、さ-ます;4
励;encourage;レイ、はげ-む、はげ-ます;S
戻;re-;レイ、もど-す、もど-る;S
例;example;レイ、たと-える;4
鈴;small bell;レイ、リン、すず;S
零;zero;レイ;S
霊;spirits;レイ、リョウ、たま;S
隷;slave;レイ;S
齢;age;レイ;S
麗;lovely;レイ、うるわ-しい;S
暦;calendar;レキ、こよみ;S
歴;curriculum;レキ;5
列;row;レツ;3
劣;inferiority;レツ、おと-る;S
烈;ardent;レツ;S
裂;split;レツ、さ-く、さ-ける;S
恋;romance;レン、こ-う、こい、こい-しい;S
連;take along;レン、つら-なる、つら-ねる、つ-れる;4
廉;bargain;レン;S
練;practice;レン、ね-る;3
錬;tempering;レン;S
呂;spine;ロ;S
炉;hearth;ロ;S
賂;bribe;ロ;S
路;road;ロ、じ;3
露;dew;ロ、（ロウ）、つゆ;S
老;old man;ロウ、お-いる、ふ-ける;4
労;labour;ロウ;4
弄;tamper with;ロウ、もてあそ-ぶ;S
郎;son;ロウ;S
朗;melodious;ロウ、ほが-らか;6
浪;wandering;ロウ;S
廊;corridor;ロウ;S
楼;watchtower;ロウ;S
漏;leak;ロウ、も-る、も-れる、も-らす;S
籠;basket;ロウ、かご、こ-もる;S
六;six;ロク、む、む-つ、むっ-つ、（むい）;1
録;record;ロク;4
麓;foot of a mountain;ロク、ふもと;S
論;theory;ロン;6
和;peace;ワ、（オ）、やわ-らぐ、やわ-らげる、なご-む、なご-やか;3
話;talk;ワ、はな-す、はなし;2
賄;bribe, board;ワイ、まかな-う;S
脇;aside;わき;S
惑;beguile;ワク、まど-う;S
枠;frame;わく;S
湾;gulf;ワン;S
腕;arm;ワン、うで;S
Appendix:Joyo kanji by reading;;;
